S.No,Co-Ordinates
1,"11.680984067634974, 78.13016046345528"
2,"11.670602114843799, 78.11370132832761"
3,"11.666036909945726, 78.11781897581666"
4,"11.675021996781595, 78.13107179534384"
5,"11.673955209312853, 78.13437937393795"
6,"11.669591035846032, 78.13820190503769"
